0;164.87562499999996;1.5750000000000028;2007.3249999999998;
1;134.686890625;1.5750000000000028;2660.475;
2;56.35217226562501;1.5750000000000028;2660.475;
3;59.8713043066406;1.5750000000000028;2660.475;
4;64.50865760766604;1.5750000000000028;2660.475;
5;56.39334144019165;1.5750000000000028;2660.475;
6;52.90983353600478;-1.875;2660.475;
7;51.589620838400116;-1.875;2660.475;
8;58.10349052096001;-1.875;2660.475;
9;52.22696226302401;-1.875;2660.475;
10;55.96817405657559;-1.875;2660.475;
11;56.43670435141438;-2.049999999999997;2660.475;
12;51.132167608785366;-2.049999999999997;2660.475;
13;52.74392919021964;-2.049999999999997;2660.475;
14;51.4554732297555;-2.049999999999997;2660.475;
15;78.31263683074391;-2.049999999999997;2660.475;
16;47.060940920768594;-2.049999999999997;2660.475;
17;139.2127735230192;-2.049999999999997;2660.475;
18;75.39094433807546;-2.049999999999997;2660.475;
19;44.97289860845189;-2.049999999999997;2660.475;
20;39.751197465211305;-2.049999999999997;2660.475;
21;69.26815493663031;-2.049999999999997;2660.475;
22;62.35670387341575;-2.049999999999997;2660.475;
23;74.7595425968354;-2.049999999999997;2660.475;
24;128.28836356492093;-2.049999999999997;2660.475;
25;149.369709089123;-2.049999999999997;2812.5;
26;112.85361772722808;-2.049999999999997;3087.225;
27;42.088215443180694;-2.049999999999997;3087.225;
28;104.73470538607948;-2.049999999999997;3087.225;
29;29.70024263465199;-2.049999999999997;3087.225;
30;37.99250606586631;-2.049999999999997;3087.225;
31;48.67856265164667;-2.049999999999997;3087.225;
32;37.936339066291154;-2.049999999999997;3087.225;
33;158.90965847665723;-2.049999999999997;3087.225;
34;99.31836646191644;-2.049999999999997;3087.225;
35;53.3017091615479;-2.049999999999997;3087.225;
36;28.118792729038688;-2.049999999999997;3087.225;
37;105.84796981822596;-2.049999999999997;3188.75;
38;84.26682424545564;-2.049999999999997;3188.75;
39;146.68167060613638;-3.2249999999999943;3188.75;
40;113.36641676515342;-3.2249999999999943;3188.75;
41;19.798535419128832;-3.2249999999999943;3188.75;
42;22.24746338547822;-3.2249999999999943;3188.75;
43;17.17493658463696;-3.2249999999999943;3188.75;
44;130.78812341461594;-3.2249999999999943;3188.75;
45;56.59782808536539;-3.2249999999999943;3188.75;
46;13.608695702134137;-3.2249999999999943;3188.75;
47;72.38834239255333;-3.2249999999999943;3188.75;
48;9.767208559813831;-3.2249999999999943;3188.75;
49;15.691055213995345;-3.2249999999999943;3188.75;
50;9.102901380349882;-3.2249999999999943;3188.75;
51;12.340697534508744;-3.2249999999999943;3188.75;
52;96.62539243836271;-3.2249999999999943;3188.75;
53;22.245634810959068;-3.2249999999999943;3188.75;
54;24.361140870273978;-3.2249999999999943;3188.75;
55;84.43215352175685;-3.2249999999999943;3188.75;
56;22.988928838043915;-3.2249999999999943;3188.75;
57;202.0603482209511;-3.2249999999999943;3188.75;
58;95.9602587055238;-3.2249999999999943;3188.75;
59;150.25525646763813;-3.2249999999999943;3188.75;
60;80.04325641169092;-3.2249999999999943;3188.75;
61;17.164206410292273;-3.2249999999999943;3188.75;
62;77.61598016025734;-3.2249999999999943;3188.75;
63;13.955399504006433;-3.2249999999999943;3188.75;
64;10.65200998760016;-3.2249999999999943;3188.75;
65;9.381300249690005;-3.2249999999999943;3188.75;
66;151.08578250624223;-3.2249999999999943;3188.75;
67;158.74089456265608;-3.2249999999999943;3188.75;
68;151.61977236406642;-3.2249999999999943;3188.75;
69;77.22736930910168;-3.2249999999999943;3188.75;
70;14.715059232727544;-3.2249999999999943;3188.75;
71;56.721001480818174;-3.2249999999999943;3188.75;
72;76.79865003702045;-3.2249999999999943;3188.75;
73;10.770591250925515;-3.2249999999999943;3188.75;
74;8.959889781273137;-3.2249999999999943;3188.75;
75;9.418997244531829;-3.2249999999999943;3188.75;
76;12.974224931113298;-3.2249999999999943;3188.75;
77;12.903730623277832;-3.2249999999999943;3188.75;
78;13.941968265581949;-3.2249999999999943;3188.75;
79;13.58979920663955;-3.2249999999999943;3188.75;
80;8.154744980165987;-3.2249999999999943;3188.75;
81;8.387618624504151;-3.2249999999999943;3188.75;
82;8.465315465612605;-3.2249999999999943;3188.75;
83;9.166632886640317;-3.2249999999999943;3188.75;
84;94.397915822166;-3.2249999999999943;3188.75;
85;77.17494789555417;-3.2249999999999943;3188.75;
86;80.85374869738885;-3.2249999999999943;3188.75;
87;81.27634371743471;-3.2249999999999943;3188.75;
88;79.87503359293586;-3.2249999999999943;3188.75;
89;122.9725008398234;-3.2249999999999943;3188.75;
90;15.261812520995587;-3.2249999999999943;3188.75;
91;7.715920313024891;-3.2249999999999943;3188.75;
92;209.44977300782566;-3.2249999999999943;5298.224999999999;
93;15.959369325195635;-3.2249999999999943;5298.224999999999;
94;10.193359233129893;-3.2249999999999943;5298.224999999999;
95;133.59170898082826;-3.2249999999999943;5298.224999999999;
96;11.842917724520706;-3.2249999999999943;5298.224999999999;
97;7.887322943113017;-3.2249999999999943;5298.224999999999;
98;8.354683073577826;-3.2249999999999943;5298.224999999999;
99;8.501367076839447;-3.2249999999999943;5298.224999999999;
100;6.370034176920985;-3.2249999999999943;5298.224999999999;
101;11.843625854423028;-3.2249999999999943;5298.224999999999;
102;6.677340646360577;-3.2249999999999943;5298.224999999999;
103;90.27068351615901;-3.2249999999999943;5298.224999999999;
104;80.03864208790397;-3.2249999999999943;5298.224999999999;
105;8.250341052197598;-3.2249999999999943;5298.224999999999;
106;162.78000852630493;-3.2249999999999943;5298.224999999999;
107;118.10825021315762;-3.2249999999999943;5298.224999999999;
108;9.370831255328937;-3.2249999999999943;5298.224999999999;
109;6.629895781383224;-3.2249999999999943;5298.224999999999;
110;7.166997394534581;-3.2249999999999943;5298.224999999999;
111;11.107924934863368;-3.2249999999999943;5298.224999999999;
112;10.821448123371582;-3.2249999999999943;5298.224999999999;
113;6.629286203084291;-3.2249999999999943;5298.224999999999;
114;18.365732155077104;-3.2249999999999943;5298.224999999999;
115;18.762893303876933;-3.2249999999999943;5298.224999999999;
116;8.257197332596922;-3.2249999999999943;5298.224999999999;
117;7.3583049333149235;-3.2249999999999943;5298.224999999999;
118;16.097707623332873;-3.2249999999999943;5298.224999999999;
119;51.65744269058332;-3.2249999999999943;5298.224999999999;
120;48.93018606726458;-3.2249999999999943;5298.224999999999;
121;67.1751296516816;-3.2249999999999943;5298.224999999999;
122;50.441253241292046;-3.2249999999999943;5298.224999999999;
123;19.8785313310323;-3.2249999999999943;5298.224999999999;
124;38.00196328327581;-3.2249999999999943;5298.224999999999;
125;21.440049082081902;-3.2249999999999943;5298.224999999999;
126;10.061626227052043;-3.2249999999999943;5298.224999999999;
127;8.8396656556763;-3.2249999999999943;5298.224999999999;
128;13.688491641391906;-3.2249999999999943;5298.224999999999;
129;14.9559622910348;-3.2249999999999943;5298.224999999999;
130;17.184524057275873;-3.2249999999999943;5298.224999999999;
131;12.373363101431897;-3.2249999999999943;5298.224999999999;
132;9.108709077535796;-3.2249999999999943;5298.224999999999;
133;18.2227177269384;-3.2249999999999943;5298.224999999999;
134;21.83494294317346;-3.2249999999999943;5298.224999999999;
135;19.028998573579333;-3.2249999999999943;5298.224999999999;
136;20.83884996433948;-3.2249999999999943;5298.224999999999;
137;21.94409624910849;-3.2249999999999943;5298.224999999999;
138;14.065477406227709;-3.2249999999999943;5298.224999999999;
139;22.310386935155698;-3.2249999999999943;5298.224999999999;
140;7.134634673378892;-3.2249999999999943;5298.224999999999;
141;23.646490866834476;-3.2249999999999943;5298.224999999999;
142;30.913662271670866;-3.2249999999999943;5298.224999999999;
143;12.555341556791774;-3.2249999999999943;5298.224999999999;
144;23.345758538919792;-3.2249999999999943;5298.224999999999;
145;22.759268963472987;-3.2249999999999943;5298.224999999999;
146;18.48335672408683;-3.2249999999999943;5298.224999999999;
147;16.127083918102173;-3.2249999999999943;5298.224999999999;
148;9.073802097952555;-3.2249999999999943;5298.224999999999;
149;11.511845052448816;-3.2249999999999943;5298.224999999999;
150;20.62467112631122;-3.2249999999999943;5298.224999999999;
151;16.266866778157777;-3.2249999999999943;5298.224999999999;
152;8.454171669453945;-3.2249999999999943;5298.224999999999;
153;11.535104291736351;-3.2249999999999943;5298.224999999999;
154;12.365252607293403;-3.2249999999999943;5298.224999999999;
155;9.624756315182333;-3.2249999999999943;5298.224999999999;
156;8.52811890787956;-3.2249999999999943;5298.224999999999;
157;11.231952972696986;-3.2249999999999943;5298.224999999999;
158;8.923923824317423;-3.2249999999999943;5298.224999999999;
159;10.948098095607936;-3.2249999999999943;5298.224999999999;
160;11.991202452390201;-3.2249999999999943;5298.224999999999;
161;15.733530061309747;-3.2249999999999943;5298.224999999999;
162;10.225838251532743;-3.2249999999999943;5298.224999999999;
163;8.271895956288322;-3.2249999999999943;5298.224999999999;
164;18.01117239890721;-3.2249999999999943;5298.224999999999;
165;15.455279309972685;-3.2249999999999943;5298.224999999999;
166;11.667006982749317;-3.2249999999999943;5298.224999999999;
167;22.518550174568738;-3.2249999999999943;5298.224999999999;
168;13.392963754364217;-3.2249999999999943;5298.224999999999;
169;5.092324093859103;-3.2249999999999943;5298.224999999999;
170;11.517933102346475;-3.2249999999999943;5298.224999999999;
171;49.72044832755866;-3.2249999999999943;5298.224999999999;
172;13.946761208188963;-3.2249999999999943;5298.224999999999;
173;12.775544030204722;-3.2249999999999943;5298.224999999999;
174;22.535638600755117;-3.2249999999999943;5298.224999999999;
175;8.898390965018876;-3.2249999999999943;5298.224999999999;
176;11.048084774125474;-3.2249999999999943;5298.224999999999;
177;45.02307711935315;-3.2249999999999943;5298.224999999999;
178;17.481826927983832;-3.2249999999999943;5298.224999999999;
179;8.735170673199594;-3.2249999999999943;5298.224999999999;
180;6.322754266829989;-3.2249999999999943;5298.224999999999;
181;9.489318856670746;-3.2249999999999943;5298.224999999999;
182;7.529107971416768;-3.2249999999999943;5298.224999999999;
183;19.79135269928542;-3.2249999999999943;5298.224999999999;
184;10.334783817482139;-3.2249999999999943;5298.224999999999;
185;8.216494595437052;-3.2249999999999943;5298.224999999999;
186;91.47041236488595;-3.2249999999999943;5298.224999999999;
187;13.394260309122151;-3.2249999999999943;5298.224999999999;
188;42.36048150772806;-3.2249999999999943;5298.224999999999;
189;10.4640120376932;-3.2249999999999943;5298.224999999999;
190;45.09785030094235;-3.2249999999999943;5298.224999999999;
191;13.56307125752356;-3.2249999999999943;5298.224999999999;
192;11.60095178143809;-3.2249999999999943;5298.224999999999;
193;6.008773794535953;-3.2249999999999943;5298.224999999999;
194;14.014594344863397;-3.2249999999999943;5298.224999999999;
195;11.445364858621582;-3.2249999999999943;5298.224999999999;
196;46.03425912146554;-3.2249999999999943;5298.224999999999;
197;6.51523147803664;-3.2249999999999943;5298.224999999999;
198;6.207255786950916;-3.2249999999999943;5298.224999999999;
199;9.959556394673772;-3.2249999999999943;5298.224999999999;
200;6.433363909866841;-3.2249999999999943;5298.224999999999;
201;18.223334097746676;-3.2249999999999943;5298.224999999999;
202;12.641208352443666;-3.2249999999999943;5298.224999999999;
203;8.112280208811095;-3.2249999999999943;5298.224999999999;
204;8.734057005220276;-3.2249999999999943;5298.224999999999;
205;150.41522642513053;-3.2249999999999943;5298.224999999999;
206;135.19413066062828;-3.2249999999999943;5298.224999999999;
207;7.800478266515709;-3.2249999999999943;5298.224999999999;
208;6.901886956662892;-3.2249999999999943;5298.224999999999;
209;9.408797173916573;-3.2249999999999943;5298.224999999999;
210;13.987094929347913;-3.2249999999999943;5298.224999999999;
211;73.4115523732337;-3.2249999999999943;5298.224999999999;
212;40.06216380933083;-3.2249999999999943;5298.224999999999;
213;7.332804095233274;-3.2249999999999943;5298.224999999999;
214;72.20957010238087;-3.2249999999999943;5298.224999999999;
215;10.620239252559523;-3.2249999999999943;5298.224999999999;
216;77.580505981314;-3.2249999999999943;5298.224999999999;
217;42.78388764953284;-3.2249999999999943;5298.224999999999;
218;36.717097191238324;-3.2249999999999943;5298.224999999999;
219;101.58792742978099;-3.2249999999999943;5298.224999999999;
220;230.48844818574452;-3.2249999999999943;5298.224999999999;
221;100.22971120464362;-3.2249999999999943;5298.224999999999;
222;97.93449278011607;-3.2249999999999943;5298.224999999999;
223;15.492737319502899;-3.2249999999999943;5298.224999999999;
224;75.28544343298759;-3.2249999999999943;5298.224999999999;
225;112.98901108582463;-3.2249999999999943;5298.224999999999;
226;44.812225277145615;-3.2249999999999943;5298.224999999999;
227;14.46968063192864;-3.2249999999999943;5298.224999999999;
228;276.8836170157982;-3.2249999999999943;5298.224999999999;
229;51.96521542539496;-3.2249999999999943;5298.224999999999;
230;8.587880385634872;-3.2249999999999943;5298.224999999999;
231;73.40657200964088;-3.2249999999999943;5298.224999999999;
232;182.775164300241;-3.2249999999999943;5298.224999999999;
233;43.193129107506024;-3.2249999999999943;5298.224999999999;
234;173.66920322768766;-3.2249999999999943;5298.224999999999;
235;57.377980080692204;-3.2249999999999943;5298.224999999999;
236;68.06257450201731;-3.2249999999999943;5298.224999999999;
237;77.79031436255045;-3.2249999999999943;5298.224999999999;
238;100.71225785906374;-3.2249999999999943;5298.224999999999;
239;12.399681446476592;-3.2249999999999943;5298.224999999999;
240;9.823117036161914;-3.2249999999999943;5298.224999999999;
241;10.196827925904048;-3.2249999999999943;5298.224999999999;
242;75.1824206981476;-3.2249999999999943;5298.224999999999;
243;19.81706051745369;-3.2249999999999943;5298.224999999999;
244;10.87667651293634;-3.2249999999999943;5298.224999999999;
245;8.410041912823406;-3.2249999999999943;5298.224999999999;
246;9.161501047820582;-3.2249999999999943;5298.224999999999;
247;40.76716252619552;-3.2249999999999943;5298.224999999999;
248;96.42355406315488;-3.2249999999999943;5298.224999999999;
249;73.62371385157887;-3.2249999999999943;5298.224999999999;
250;49.279342846289474;-3.2249999999999943;5298.224999999999;
251;73.17760857115722;-3.2249999999999943;5298.224999999999;
252;12.175065214278932;-3.2249999999999943;5298.224999999999;
253;9.461251630356974;-3.2249999999999943;5298.224999999999;
254;8.358406290758925;-3.2249999999999943;5298.224999999999;
255;7.827710157268972;-3.2249999999999943;5298.224999999999;
256;26.616317753931725;-3.2249999999999943;5298.224999999999;
257;6.999157943848294;-3.2249999999999943;5298.224999999999;
258;44.10372894859621;-3.2249999999999943;5298.224999999999;
259;7.905718223714904;-3.2249999999999943;5298.224999999999;
260;35.72139295559289;-3.2249999999999943;5298.224999999999;
261;72.28428482388983;-3.2249999999999943;5298.224999999999;
262;45.66960712059724;-3.2249999999999943;5298.224999999999;
263;100.74736517801492;-3.2249999999999943;5298.224999999999;
264;43.964309129450385;-3.2249999999999943;5298.224999999999;
265;11.88223272823626;-3.375;5298.224999999999;
266;89.85455581820591;-3.375;5298.224999999999;
267;43.00886389545512;-3.375;5298.224999999999;
268;68.6752215973864;-3.375;5298.224999999999;
269;104.8087555399347;-3.375;5298.224999999999;
270;21.750843888498373;-3.375;5298.224999999999;
271;60.554396097212454;-3.375;5298.224999999999;
272;143.24510990243033;-3.375;5298.224999999999;
273;11.929877747560758;-3.375;5298.224999999999;
274;53.530121943689025;-3.375;5298.224999999999;
275;15.025128048592226;-3.375;5298.224999999999;
276;6.343128201214808;-3.375;5298.224999999999;
277;6.30545320503037;-3.375;5298.224999999999;
278;37.89326133012575;-3.375;5298.224999999999;
279;37.94920653325315;-3.375;5298.224999999999;
280;6.858105163331328;-3.375;5298.224999999999;
281;7.370827629083284;-3.375;5298.224999999999;
282;123.17614569072707;-3.375;5298.224999999999;
283;10.646278642268175;-3.375;5298.224999999999;
284;9.163031966056705;-3.375;5298.224999999999;
285;7.092825799151417;-3.375;5298.224999999999;
286;72.9335706449788;-3.375;5298.224999999999;
287;33.703964266124466;-3.375;5298.224999999999;
288;18.25259910665311;-3.375;5298.224999999999;
289;19.403189977666326;-3.375;5298.224999999999;
290;39.06757974944165;-3.375;5298.224999999999;
291;47.49043949373604;-3.375;5298.224999999999;
292;47.20351098734339;-3.375;5298.224999999999;
293;12.436962774683588;-3.375;5298.224999999999;
294;8.49154906936709;-3.375;5298.224999999999;
295;14.13228872673418;-3.375;5298.224999999999;
296;11.083932218168354;-3.375;5298.224999999999;
297;10.605848305454206;-3.375;5298.224999999999;
298;9.127021207636355;-3.375;5298.224999999999;
299;18.315675530190912;-3.375;5298.224999999999;
300;14.462266888254774;-3.375;5298.224999999999;
301;16.66843167220637;-3.375;5298.224999999999;
302;8.34108579180516;-3.375;5298.224999999999;
303;11.372277144795133;-3.375;5298.224999999999;
304;17.04618192861988;-3.375;5298.224999999999;
305;18.5780295482155;-3.375;5298.224999999999;
306;17.981950738705386;-3.375;5298.224999999999;
307;14.545798768467638;-3.375;5298.224999999999;
308;16.035519969211695;-3.375;5298.224999999999;
309;13.117137999230291;-3.375;5298.224999999999;
310;26.430428449980763;-3.375;5298.224999999999;
311;26.138885711249515;-3.375;5298.224999999999;
312;15.308472142781236;-3.375;5298.224999999999;
313;19.527711803569527;-3.375;5298.224999999999;
314;15.763817795089242;-3.375;5298.224999999999;
315;9.947845444877231;-3.375;5298.224999999999;
316;9.237446136121928;-3.375;5298.224999999999;
317;10.819686153403051;-3.375;5298.224999999999;
318;13.396742153835078;-3.375;5298.224999999999;
319;8.284293553845876;-3.375;5298.224999999999;
320;8.269607338846148;-3.375;5298.224999999999;
321;20.521115183471156;-3.375;5298.224999999999;
322;10.438652879586774;-3.375;5298.224999999999;
323;9.212216321989667;-3.375;5298.224999999999;
324;11.930930408049742;-3.375;5298.224999999999;
325;15.779523260201241;-3.375;5298.224999999999;
326;7.839488081505031;-3.375;5298.224999999999;
327;16.667237202037622;-3.375;5298.224999999999;
328;13.260430930050944;-3.375;5298.224999999999;
329;6.255260773251273;-3.375;5298.224999999999;
330;12.054506519331282;-3.375;5298.224999999999;
331;12.99948766298328;-3.375;5298.224999999999;
332;18.67998719157459;-3.375;5298.224999999999;
333;13.015124679789366;-3.375;5298.224999999999;
334;8.756003116994734;-3.375;5298.224999999999;
335;11.869525077924868;-3.375;5298.224999999999;
336;6.936113126948122;-3.375;5298.224999999999;
337;14.766527828173704;-3.375;5298.224999999999;
338;15.38541319570434;-3.375;5298.224999999999;
339;9.347135329892609;-3.375;5298.224999999999;
340;15.727428383247318;-3.375;5298.224999999999;
341;10.550060709581183;-3.375;5298.224999999999;
342;9.12500151773953;-3.375;5298.224999999999;
343;7.805625037943488;-3.375;5298.224999999999;
344;11.67764062594859;-3.375;5298.224999999999;
345;5.197566015648716;-3.375;5298.224999999999;
346;10.543064150391215;-3.375;5298.224999999999;
347;37.87857660375978;-3.375;5298.224999999999;
348;16.529464415093994;-3.375;5298.224999999999;
349;14.81261161037735;-3.375;5298.224999999999;
350;12.894690290259433;-3.375;5298.224999999999;
351;15.227992257256485;-3.375;5298.224999999999;
352;15.823824806431412;-3.375;5298.224999999999;
353;12.420595620160784;-3.375;5298.224999999999;
354;9.385514890504021;-3.375;5298.224999999999;
355;5.1458878722626;-3.375;5298.224999999999;
356;6.344897196806566;-3.375;5298.224999999999;
357;16.086122429920163;-3.375;5298.224999999999;
358;11.915903060748004;-3.375;5298.224999999999;
359;12.5835225765187;-3.375;5298.224999999999;
360;18.641463064412974;-3.375;5298.224999999999;
361;13.697911576610323;-3.375;5298.224999999999;
362;14.647447789415263;-3.375;5298.224999999999;
363;7.488061194735382;-3.375;5298.224999999999;
364;10.980951529868387;-3.375;5298.224999999999;
365;6.1088987882467105;-3.375;5298.224999999999;
366;8.379597469706168;-3.375;5298.224999999999;
367;6.498864936742652;-3.375;5298.224999999999;
368;5.9349716234185665;-3.375;5298.224999999999;
369;11.482749290585462;-3.375;5298.224999999999;
370;15.89394373226464;-3.375;5298.224999999999;
371;11.914223593306618;-3.375;5298.224999999999;
372;6.727855589832666;-3.375;5298.224999999999;
373;9.420071389745816;-3.375;5298.224999999999;
374;14.099876784743643;-3.375;5298.224999999999;
375;10.796246919618593;-3.375;5298.224999999999;
376;12.084906172990468;-3.375;5298.224999999999;
377;6.171497654324763;-3.375;5298.224999999999;
378;9.60866244135812;-3.375;5298.224999999999;
379;8.578966561033951;-3.375;5298.224999999999;
380;6.396974164025849;-3.375;5298.224999999999;
381;12.286174354100648;-3.375;5298.224999999999;
382;12.262154358852518;-3.375;5298.224999999999;
383;10.087178858971313;-3.375;5298.224999999999;
384;9.926554471474281;-3.375;5298.224999999999;
385;8.283788861786856;-3.375;5298.224999999999;
386;6.350844721544671;-3.375;5298.224999999999;
387;8.811271118038619;-3.375;5298.224999999999;
388;6.233406777950967;-3.375;5298.224999999999;
389;8.387710169448775;-3.375;5298.224999999999;
390;6.690942754236216;-3.375;5298.224999999999;
391;9.531023568855904;-3.375;5298.224999999999;
392;10.083900589221397;-3.375;5298.224999999999;
393;7.8577225147305345;-3.375;5298.224999999999;
394;5.242068062868262;-3.375;5298.224999999999;
395;10.177301701571706;-3.375;5298.224999999999;
396;5.55443254253929;-3.375;5298.224999999999;
397;12.07698581356348;-3.375;5298.224999999999;
398;6.584424645339089;-3.375;5298.224999999999;
399;8.357735616133477;-3.375;5298.224999999999;
400;9.195193390403334;-3.375;5298.224999999999;
401;10.615504834760083;-3.375;5298.224999999999;
402;13.042887620869005;-3.375;5298.224999999999;
403;7.023572190521724;-3.375;5298.224999999999;
404;8.643714304763042;-3.375;5298.224999999999;
405;5.671717857619076;-3.375;5298.224999999999;
406;6.184292946440477;-3.375;5298.224999999999;
407;9.647732323661014;-3.375;5298.224999999999;
408;8.729318308091525;-3.375;5298.224999999999;
409;6.963232957702289;-3.375;5298.224999999999;
410;6.847205823942555;-3.375;5298.224999999999;
411;11.591180145598562;-3.375;5298.224999999999;
412;6.2272795036399655;-3.375;5298.224999999999;
413;17.271306987590997;-3.375;5298.224999999999;
414;14.624907674689771;-3.375;5298.224999999999;
415;10.899372691867242;-3.375;5298.224999999999;
416;11.816234317296683;-3.375;5298.224999999999;
417;14.318530857932416;-3.375;5298.224999999999;
418;8.260463271448312;-3.375;5298.224999999999;
419;13.515261581786211;-3.375;5298.224999999999;
420;11.633506539544657;-3.375;5298.224999999999;
421;12.483962663488617;-3.375;5298.224999999999;
422;10.406474066587217;-3.375;5298.224999999999;
423;8.47891185166468;-3.375;5298.224999999999;
424;14.963222796291618;-3.375;5298.224999999999;
425;13.190955569907288;-3.375;5298.224999999999;
426;8.81602388924768;-3.375;5298.224999999999;
427;6.2785255972311935;-3.375;5298.224999999999;
428;7.951963139930784;-3.375;5298.224999999999;
429;9.43567407849827;-3.375;5298.224999999999;
430;6.301516851962458;-3.375;5298.224999999999;
431;5.045662921299062;-3.375;5298.224999999999;
432;18.06926657303248;-3.375;5298.224999999999;
433;8.36485666432581;-3.375;5298.224999999999;
434;12.089121416608142;-3.375;5298.224999999999;
435;6.075353035415204;-3.375;5298.224999999999;
436;6.167508825885379;-3.375;5298.224999999999;
437;6.2135627206471336;-3.375;5298.224999999999;
438;6.590964068016179;-3.375;5298.224999999999;
439;6.062899101700404;-3.375;5298.224999999999;
440;8.294697477542508;-3.375;5298.224999999999;
441;7.816117436938564;-3.375;5298.224999999999;
442;9.258527935923464;-3.375;5298.224999999999;
443;9.912088198398084;-3.375;5298.224999999999;
444;5.991552204959951;-3.375;5298.224999999999;
445;5.756038805124001;-3.375;5298.224999999999;
446;6.731400970128102;-3.375;5298.224999999999;
447;5.214535024253203;-3.375;5298.224999999999;
448;6.05973837560633;-3.375;5298.224999999999;
449;7.384618459390159;-3.375;5298.224999999999;
450;6.923990461484754;-3.375;5298.224999999999;
451;7.903099761537118;-3.375;5298.224999999999;
452;6.008827494038428;-3.375;5298.224999999999;
453;6.338970687350959;-3.375;5298.224999999999;
454;5.579099267183774;-3.375;5298.224999999999;
455;5.932602481679595;-3.375;5298.224999999999;
456;8.880815062041991;-3.375;5298.224999999999;
457;6.1038953765510495;-3.375;5298.224999999999;
458;9.723222384413779;-3.375;5298.224999999999;
459;5.886205559610343;-3.375;5298.224999999999;
460;6.133405138990256;-3.375;5298.224999999999;
461;6.200835128474758;-3.375;5298.224999999999;
462;5.97939587821187;-3.375;5298.224999999999;
463;6.543234896955298;-3.375;5298.224999999999;
464;6.323580872423883;-3.375;5298.224999999999;
465;9.102464521810598;-3.375;5298.224999999999;
466;5.045686613045265;-3.375;5298.224999999999;
467;6.556767165326133;-3.375;5298.224999999999;
468;9.227669179133152;-3.375;5298.224999999999;
469;8.681316729478326;-3.375;5298.224999999999;
470;11.288282918236959;-3.375;5298.224999999999;
471;9.310957072955924;-3.375;5298.224999999999;
472;8.711523926823897;-3.375;5298.224999999999;
473;6.018413098170597;-4.700000000000003;5298.224999999999;
474;11.056710327454265;-4.700000000000003;5298.224999999999;
475;9.527042758186354;-4.700000000000003;5298.224999999999;
476;15.752551068954663;-4.700000000000003;5298.224999999999;
477;19.004438776723866;-4.700000000000003;5298.224999999999;
478;12.1319859694181;-4.700000000000003;5298.224999999999;
479;12.701424649235449;-4.700000000000003;5298.224999999999;
480;7.906910616230886;-4.700000000000003;5298.224999999999;
481;18.67579776540577;-4.700000000000003;5298.224999999999;
482;19.61064494413514;-4.700000000000003;5298.224999999999;
483;12.635891123603377;-4.700000000000003;5298.224999999999;
484;5.970897278090083;-4.700000000000003;5298.224999999999;
485;11.011772431952256;-4.700000000000003;5298.224999999999;
486;8.540919310798804;-4.700000000000003;5298.224999999999;
487;7.237272982769971;-4.700000000000003;5298.224999999999;
488;12.589056824569255;-4.700000000000003;5298.224999999999;
489;12.819726420614234;-4.700000000000003;5298.224999999999;
490;9.403618160515354;-4.700000000000003;5298.224999999999;
491;6.273215454012886;-4.700000000000003;5298.224999999999;
492;11.836205386350318;-4.700000000000003;5298.224999999999;
493;15.670905134658758;-4.700000000000003;5298.224999999999;
494;8.39552262836647;-4.700000000000003;5298.224999999999;
495;6.00176306570916;-4.700000000000003;5298.224999999999;
496;8.403794076642729;-4.700000000000003;5298.224999999999;
497;12.460094851916068;-4.700000000000003;5298.224999999999;
498;8.3802523712979;-4.700000000000003;5298.224999999999;
499;6.473881309282447;-4.700000000000003;5298.224999999999;
0;190.31437499999996;8.5;2779.625;
1;66.55473437500001;4.424999999999997;2779.625;
2;128.501368359375;4.049999999999997;3034.375;
3;76.98253420898438;2.450000000000003;3034.375;
4;84.3714383552246;2.450000000000003;3034.375;
5;32.066785958880615;0.8499999999999943;3034.375;
6;24.891044648972024;0.8499999999999943;3034.375;
7;20.702276116224308;-2.424999999999997;3034.375;
8;42.97630690290561;-2.424999999999997;3034.375;
9;41.00065767257264;-2.424999999999997;3034.375;
10;58.5256414418143;-2.424999999999997;3034.375;
11;17.597516036045363;-2.424999999999997;3034.375;
12;104.34306290090115;-2.424999999999997;3544.075;
13;15.678576572522527;-2.424999999999997;3544.075;
14;19.00883941431306;-2.424999999999997;3544.075;
15;83.81459598535783;-2.424999999999997;3544.075;
16;82.17973989963394;-2.424999999999997;3544.075;
17;91.44011849749083;-2.700000000000003;3544.075;
18;11.673502962437274;-2.700000000000003;3544.075;
19;15.618712574060932;-2.700000000000003;3544.075;
20;45.266717814351516;-2.700000000000003;3544.075;
21;17.61854294535879;-2.700000000000003;3544.075;
22;85.33108857363396;-2.700000000000003;3544.075;
23;12.641402214340847;-2.700000000000003;3544.075;
24;9.222285055358517;-2.700000000000003;3544.075;
25;5.470557126383964;-2.700000000000003;3544.075;
26;10.1355139281596;-2.700000000000003;3544.075;
27;12.403387848203987;-2.700000000000003;3544.075;
28;8.2269596962051;-2.700000000000003;3544.075;
29;75.3981739924051;-2.700000000000003;3544.075;
30;12.226204349810127;-2.700000000000003;3544.075;
31;38.32003010874524;-2.700000000000003;3544.075;
32;9.72175075271863;-2.700000000000003;3544.075;
33;9.528043768817966;-2.700000000000003;3544.075;
34;13.442576094220446;-2.700000000000003;3544.075;
35;8.844189402355513;-2.700000000000003;3544.075;
36;149.5417297350589;-2.700000000000003;3544.075;
37;23.05916824337648;-2.700000000000003;3544.075;
38;72.71022920608439;-2.700000000000003;3544.075;
39;10.823380730152113;-2.700000000000003;3544.075;
40;135.4337095182539;-2.700000000000003;3544.075;
41;15.119592737956342;-2.700000000000003;3544.075;
42;13.98361481844891;-2.700000000000003;3544.075;
43;10.405840370461224;-2.700000000000003;3544.075;
44;7.086396009261532;-2.700000000000003;3544.075;
45;72.24840990023155;-2.700000000000003;3544.075;
46;10.186210247505786;-2.700000000000003;3544.075;
47;8.844030256187645;-2.700000000000003;3544.075;
48;10.30860075640469;-2.700000000000003;3544.075;
49;9.595215018910114;-2.700000000000003;3544.075;
50;12.063630375472751;-2.700000000000003;3544.075;
51;79.43659075938683;-2.700000000000003;3544.075;
52;74.68278976898469;-2.700000000000003;3544.075;
53;13.523944744224616;-2.700000000000003;3544.075;
54;10.203723618605617;-2.700000000000003;3544.075;
55;5.5113430904651395;-2.700000000000003;3544.075;
56;6.974033577261631;-2.700000000000003;3544.075;
57;5.29122583943154;-2.700000000000003;3544.075;
58;9.36040564598579;-2.700000000000003;3544.075;
59;11.584010141149644;-2.700000000000003;3544.075;
60;7.143350253528737;-2.700000000000003;3544.075;
61;86.57358375633821;-2.700000000000003;3544.075;
62;15.054964593908457;-2.700000000000003;3544.075;
63;14.111999114847709;-2.700000000000003;3544.075;
64;71.58779997787119;-3.375;3544.075;
65;15.981569999446782;-3.375;3544.075;
66;6.88016424998617;-3.375;3544.075;
67;8.363254106249654;-3.375;3544.075;
68;152.9384563526562;-3.375;3544.075;
69;10.000961408816405;-3.375;3544.075;
70;6.005649035220408;-3.375;3544.075;
71;6.972641225880511;-3.375;3544.075;
72;91.761816030647;-3.375;3544.075;
73;7.464045400766173;-3.375;3544.075;
74;65.94222613501914;-3.375;3544.075;
75;7.497305653375479;-3.375;3544.075;
76;13.673057641334392;-3.375;3544.075;
77;79.41432644103337;-3.375;3544.075;
78;12.847233161025835;-3.375;3544.075;
79;14.32555582902565;-3.375;3544.075;
80;9.048763895725642;-3.375;3544.075;
81;5.74246909739314;-3.375;3544.075;
82;77.80106172743483;-3.375;3544.075;
83;11.462526543185872;-3.375;3544.075;
84;9.494063163579646;-3.375;3544.075;
85;10.791101579089492;-3.375;3544.075;
86;29.826652539477244;-3.375;3544.075;
87;6.385666313486931;-3.375;3544.075;
88;9.550891657837173;-3.375;3544.075;
89;12.020647291445929;-3.375;3544.075;
90;73.97926618228615;-3.375;3544.075;
91;11.139481654557153;-3.375;3544.075;
92;13.983487041363926;-3.375;3544.075;
93;79.54958717603407;-3.375;3544.075;
94;10.054989679400851;-3.375;3544.075;
95;140.58449974198504;-3.375;3544.075;
96;10.977112493549628;-3.375;3544.075;
97;9.11005281233874;-3.375;3544.075;
98;8.970876320308466;-3.9000000000000057;3544.075;
99;64.65552190800771;-3.9000000000000057;3544.075;
100;8.196388047700193;-3.9000000000000057;3544.075;
101;12.183659701192507;-3.9000000000000057;3544.075;
102;72.27646649252982;-3.9000000000000057;3544.075;
103;95.30191166231323;-3.9000000000000057;3544.075;
104;11.087547791557833;-3.9000000000000057;3544.075;
105;12.355313694788943;-3.9000000000000057;3544.075;
106;74.60825784236972;-3.9000000000000057;3544.075;
107;10.970831446059242;-3.9000000000000057;3544.075;
108;96.26177078615147;-3.9000000000000057;3544.075;
109;10.111544269653786;-3.9000000000000057;3544.075;
110;12.640288606741345;-3.9000000000000057;3544.075;
111;8.782257215168531;-3.9000000000000057;3544.075;
112;89.26330643037923;-3.9000000000000057;3544.075;
113;68.38595766075947;-3.9000000000000057;3544.075;
114;8.307773941518988;-3.9000000000000057;3544.075;
115;6.4945693485379765;-3.9000000000000057;3544.075;
116;9.186114233713448;-3.9000000000000057;3544.075;
117;7.454027855842838;-3.9000000000000057;3544.075;
118;155.70385069639613;-3.9000000000000057;3544.075;
119;16.93384626740991;-3.9000000000000057;3544.075;
120;8.985846156685247;-3.9000000000000057;3544.075;
121;6.59402115391713;-3.9000000000000057;3544.075;
122;11.08672552884793;-3.9000000000000057;3544.075;
123;74.77404313822122;-3.9000000000000057;3544.075;
124;10.11185107845553;-3.9000000000000057;3544.075;
125;10.304046276961385;-3.9000000000000057;3544.075;
126;8.631351156924035;-3.9000000000000057;3544.075;
127;7.898908778923101;-3.9000000000000057;3544.075;
128;6.5787227194730775;-3.9000000000000057;3544.075;
129;11.472593067986821;-3.9000000000000057;3544.075;
130;70.42993982669962;-3.9000000000000057;3544.075;
131;71.5001234956675;-3.9000000000000057;3544.075;
132;76.1712530873917;-3.9000000000000057;3544.075;
133;72.04303132718479;-3.9000000000000057;3544.075;
134;80.1579507831796;-3.9000000000000057;3544.075;
135;98.37894876957948;-3.9000000000000057;3544.075;
136;8.711348719239485;-3.9000000000000057;3544.075;
137;11.934033717980988;-3.9000000000000057;3544.075;
138;74.64960084294952;-3.9000000000000057;3544.075;
139;8.823115021073736;-3.9000000000000057;3544.075;
140;5.431827875526844;-3.9000000000000057;3544.075;
141;78.89892069688817;-3.9000000000000057;3544.075;
142;186.79059801742224;-3.9000000000000057;4539.625;
143;148.7666399504356;-3.9000000000000057;4539.625;
144;9.92104099876089;-3.9000000000000057;4539.625;
145;8.29302602496902;-3.9000000000000057;4539.625;
146;170.0442006506242;-3.9000000000000057;4539.625;
147;11.267980016265604;-3.9000000000000057;4539.625;
148;6.529824500406642;-3.9000000000000057;4539.625;
149;6.077620612510167;-3.9000000000000057;4539.625;
150;7.1163155153127535;-3.9000000000000057;4539.625;
151;5.536657887882819;-3.9000000000000057;4539.625;
152;140.06154144719707;-3.9000000000000057;4539.625;
153;10.84091353617993;-3.9000000000000057;4539.625;
154;64.4235228384045;-3.9000000000000057;4539.625;
155;12.653713070960109;-3.9000000000000057;4539.625;
156;6.501342826774004;-3.9000000000000057;4539.625;
157;8.931908570669348;-3.9000000000000057;4539.625;
158;10.78454771426674;-3.9000000000000057;4539.625;
159;6.617738692856666;-3.9000000000000057;4539.625;
160;111.03106846732142;-3.9000000000000057;4539.625;
161;16.629526711683035;-3.9000000000000057;4539.625;
162;7.645738167792073;-3.9000000000000057;4539.625;
163;6.900518454194803;-3.9000000000000057;4539.625;
164;6.333137961354872;-3.9000000000000057;4539.625;
165;9.617703449033872;-3.9000000000000057;4539.625;
166;81.98669258622581;-3.9000000000000057;4539.625;
167;73.49029231465565;-3.9000000000000057;4539.625;
168;10.63288230786639;-3.9000000000000057;4539.625;
169;6.08019705769666;-3.9000000000000057;4539.625;
170;10.497004926442415;-3.9000000000000057;4539.625;
171;12.52617512316106;-3.9000000000000057;4539.625;
172;11.76940437807903;-3.9000000000000057;4539.625;
173;5.633610109451975;-3.9000000000000057;4539.625;
174;11.0508402527363;-3.9000000000000057;4539.625;
175;8.140646006318406;-3.9000000000000057;4539.625;
176;10.30726615015796;-3.9000000000000057;4539.625;
177;146.40830665375395;-3.9000000000000057;4539.625;
178;78.26208266634384;-3.9000000000000057;4539.625;
179;14.117177066658602;-3.9000000000000057;4539.625;
180;11.200429426666464;-3.9000000000000057;4539.625;
181;223.4706357356667;-3.9000000000000057;4539.625;
182;11.58426589339167;-3.9000000000000057;4539.625;
183;5.665231647334791;-3.9000000000000057;4539.625;
184;8.89975579118337;-3.9000000000000057;4539.625;
185;8.492493894779582;-3.9000000000000057;4539.625;
186;5.81606234736949;-3.9000000000000057;4539.625;
187;5.687276558684236;-3.9000000000000057;4539.625;
188;8.987806913967106;-3.9000000000000057;4539.625;
189;10.03407017284918;-3.9000000000000057;4539.625;
190;6.311476754321232;-3.9000000000000057;4539.625;
191;5.469036918858029;-3.9000000000000057;4539.625;
192;83.45797592297146;-3.9000000000000057;4539.625;
193;8.522074398074288;-3.9000000000000057;4539.625;
194;85.32555185995186;-3.9000000000000057;4539.625;
195;11.897513796498796;-3.9000000000000057;4539.625;
196;7.558062844912473;-3.9000000000000057;4539.625;
197;11.893326571122813;-3.9000000000000057;4539.625;
198;11.483583164278071;-3.9000000000000057;4539.625;
199;13.788339579106955;-3.9000000000000057;4539.625;
200;14.490958489477677;-3.9000000000000057;4539.625;
201;16.302273962236946;-3.9000000000000057;4539.625;
202;8.820681849055925;-3.9000000000000057;4539.625;
203;15.123642046226399;-3.9000000000000057;4539.625;
204;17.606841051155662;-3.9000000000000057;4539.625;
205;6.293921026278893;-3.9000000000000057;4539.625;
206;14.81297302565697;-3.9000000000000057;4539.625;
207;8.495324325641423;-3.9000000000000057;4539.625;
208;8.695508108141045;-3.9000000000000057;4539.625;
209;15.148637702703521;-3.9000000000000057;4539.625;
210;8.231840942567587;-3.9000000000000057;4539.625;
211;8.070171023564189;-3.9000000000000057;4539.625;
212;7.129254275589102;-3.9000000000000057;4539.625;
213;6.070731356889727;-3.9000000000000057;4539.625;
214;6.049268283922244;-3.9000000000000057;4539.625;
215;10.268731707098055;-3.9000000000000057;4539.625;
216;7.3660932926774505;-3.9000000000000057;4539.625;
217;8.482277332316936;-3.9000000000000057;4539.625;
218;9.717681933307924;-3.9000000000000057;4539.625;
219;12.401067048332697;-3.9000000000000057;4539.625;
220;6.354401676208317;-3.9000000000000057;4539.625;
221;6.446360041905206;-3.9000000000000057;4539.625;
222;9.50303400104763;-3.9000000000000057;4539.625;
223;11.605075850026191;-3.9000000000000057;4539.625;
224;15.200751896250654;-3.9000000000000057;4539.625;
225;8.220643797406268;-3.9000000000000057;4539.625;
226;9.347391094935157;-3.9000000000000057;4539.625;
227;12.871184777373383;-3.9000000000000057;4539.625;
228;4.893654619434335;-3.9000000000000057;4539.625;
229;12.204216365485859;-3.9000000000000057;4539.625;
230;8.559480409137148;-3.9000000000000057;4539.625;
231;8.090237010228432;-3.9000000000000057;4539.625;
232;6.0185059252557105;-3.9000000000000057;4539.625;
233;6.171712648131394;-3.9000000000000057;4539.625;
234;11.819292816203284;-3.9000000000000057;4539.625;
235;11.44110732040508;-3.9000000000000057;4539.625;
236;5.399152683010128;-3.9000000000000057;4539.625;
237;9.635603817075255;-3.9000000000000057;4539.625;
238;14.738390095426883;-3.9000000000000057;4539.625;
239;9.47095975238567;-3.9000000000000057;4539.625;
240;5.343023993809641;-3.9000000000000057;4539.625;
241;9.771075599845242;-3.9000000000000057;4539.625;
242;6.20802688999613;-3.9000000000000057;4539.625;
243;4.633325672249904;-3.9000000000000057;4539.625;
244;5.201458141806247;-3.9000000000000057;4539.625;
245;12.174411453545154;-3.9000000000000057;4539.625;
246;10.942485286338627;-3.9000000000000057;4539.625;
247;5.834812132158465;-3.9000000000000057;4539.625;
248;6.934620303303961;-3.9000000000000057;4539.625;
249;5.589615507582599;-3.9000000000000057;4539.625;
250;9.394115387689569;-3.9000000000000057;4539.625;
251;7.095477884692238;-3.9000000000000057;4539.625;
252;7.964886947117307;-3.9000000000000057;4539.625;
253;6.074747173677931;-3.9000000000000057;4539.625;
254;5.006868679341947;-3.9000000000000057;4539.625;
255;22.67204671698355;-3.9000000000000057;4539.625;
256;6.799926167924587;-3.9000000000000057;4539.625;
257;6.096873154198117;-3.9000000000000057;4539.625;
258;9.99117182885495;-3.9000000000000057;4539.625;
259;6.1816542957213745;-3.9000000000000057;4539.625;
260;8.935791357393034;-3.9000000000000057;4539.625;
261;8.540894783934824;-3.9000000000000057;4539.625;
262;10.309147369598374;-3.9000000000000057;4539.625;
263;10.83022868423996;-3.9000000000000057;4539.625;
264;5.935755717105998;-3.9000000000000057;4539.625;
265;8.35464389292765;-3.9000000000000057;4539.625;
266;6.746366097323192;-3.9000000000000057;4539.625;
267;5.37928415243308;-3.9000000000000057;4539.625;
268;9.550107103810829;-3.9000000000000057;4539.625;
269;6.263752677595274;-3.9000000000000057;4539.625;
270;12.330343816939882;-3.9000000000000057;4539.625;
271;7.4763835954234965;-3.9000000000000057;4539.625;
272;7.354409589885586;-3.9000000000000057;4539.625;
273;12.720735239747139;-3.9000000000000057;4539.625;
274;4.93489338099368;-3.9000000000000057;4539.625;
275;12.50399733452484;-3.9000000000000057;4539.625;
276;11.052599933363117;-3.9000000000000057;4539.625;
277;7.605064998334079;-3.9000000000000057;4539.625;
278;7.317001624958354;-3.9000000000000057;4539.625;
279;6.259175040623957;-3.9000000000000057;4539.625;
280;5.8864793760156;-3.9000000000000057;4539.625;
281;10.974661984400395;-3.9000000000000057;4539.625;
282;10.031866549610012;-3.9000000000000057;4539.625;
283;6.14704666374025;-3.9000000000000057;4539.625;
284;7.377426166593503;-3.9000000000000057;4539.625;
285;5.609435654164839;-3.9000000000000057;4539.625;
286;8.25523589135412;-3.9000000000000057;4539.625;
287;6.7145058972838525;-3.9000000000000057;4539.625;
288;9.190362647432098;-3.9000000000000057;4539.625;
289;7.908509066185799;-3.9000000000000057;4539.625;
290;10.503962726654645;-3.9000000000000057;4539.625;
291;19.726974068166363;-3.9000000000000057;4539.625;
292;9.23692435170416;-3.9000000000000057;4539.625;
293;8.547798108792602;-3.9000000000000057;4539.625;
294;9.514319952719813;-3.9000000000000057;4539.625;
295;7.155357998817993;-3.9000000000000057;4539.625;
296;7.273883949970451;-3.9000000000000057;4539.625;
297;9.834972098749258;-3.9000000000000057;4539.625;
298;9.67087430246873;-3.9000000000000057;4539.625;
299;5.184896857561719;-3.9000000000000057;4539.625;
300;6.238372421439041;-3.9000000000000057;4539.625;
301;6.827209310535975;-3.9000000000000057;4539.625;
302;9.142555232763398;-3.9000000000000057;4539.625;
303;8.482938880819082;-3.9000000000000057;4539.625;
304;7.0683234720204755;-3.9000000000000057;4539.625;
305;7.67608308680051;-3.9000000000000057;4539.625;
306;10.261277077170012;-3.9000000000000057;4539.625;
307;7.805906926929252;-3.9000000000000057;4539.625;
308;6.455772673173229;-3.9000000000000057;4539.625;
309;11.95389431682933;-3.9000000000000057;4539.625;
310;14.522597357920736;-3.9000000000000057;4539.625;
311;10.326189933948017;-3.9000000000000057;4539.625;
312;8.628779748348697;-3.9000000000000057;4539.625;
313;10.535719493708715;-3.9000000000000057;4539.625;
314;16.97401798734272;-3.9000000000000057;4539.625;
315;11.843725449683568;-3.9000000000000057;4539.625;
316;15.96046813624209;-3.9000000000000057;4539.625;
317;10.946511703406054;-3.9000000000000057;4539.625;
318;9.366787792585152;-3.9000000000000057;4539.625;
319;8.989169694814631;-3.9000000000000057;4539.625;
320;8.569104242370367;-3.9000000000000057;4539.625;
321;8.051102606059262;-3.9000000000000057;4539.625;
322;7.109402565151481;-3.9000000000000057;4539.625;
323;7.0608600641287875;-3.9000000000000057;4539.625;
324;13.05339650160322;-3.9000000000000057;4539.625;
325;10.10695991254008;-3.9000000000000057;4539.625;
326;7.324548997813501;-3.9000000000000057;4539.625;
327;6.25561372494534;-3.9000000000000057;4539.625;
328;13.480140343123633;-3.9000000000000057;4539.625;
